Feature,Coefficient,Absolute_Coefficient
categorical__main_country_Unknown,-2.346937568097813,2.346937568097813
categorical__original_language_sr,-2.1369417886174453,2.1369417886174453
numeric__log_budget,1.6398562599079058,1.6398562599079058
categorical__main_country_Serbia,-1.2643141935553495,1.2643141935553495
categorical__original_language_de,-0.8488204481224471,0.8488204481224471
categorical__main_country_Mexico,0.8197265286788818,0.8197265286788818
categorical__main_country_Hong Kong,0.810521112015215,0.810521112015215
categorical__main_country_Denmark,-0.7241853251369064,0.7241853251369064
categorical__original_language_fr,-0.7111316598498162,0.7111316598498162
categorical__main_country_Belgium,-0.6736459627424396,0.6736459627424396
categorical__original_language_it,-0.6228196017281492,0.6228196017281492
categorical__main_country_Italy,-0.4572487654682212,0.4572487654682212
categorical__original_language_nl,0.3909210488169028,0.3909210488169028
categorical__main_country_United States of America,0.3815641520085432,0.3815641520085432
categorical__main_country_Canada,-0.35961570792698866,0.35961570792698866
numeric__budget,0.34437244826935925,0.34437244826935925
categorical__original_language_ro,-0.30750124929471245,0.30750124929471245
categorical__main_country_Japan,0.3005081541539236,0.3005081541539236
categorical__main_country_United Kingdom,0.29638709995461077,0.29638709995461077
categorical__main_country_South Africa,-0.28728127189688923,0.28728127189688923
numeric__release_year,-0.2696363952023134,0.2696363952023134
categorical__main_country_India,0.2662483734966955,0.2662483734966955
categorical__main_country_Switzerland,-0.2661797617907067,0.2661797617907067
categorical__main_country_Brazil,-0.2644225685184765,0.2644225685184765
numeric__runtime,0.24237636829696685,0.24237636829696685
categorical__original_language_en,-0.24125496187199372,0.24125496187199372
categorical__main_country_China,0.22464559818749696,0.22464559818749696
categorical__main_country_Ireland,-0.20421001584866383,0.20421001584866383
numeric__genre_drama,-0.17718252571175505,0.17718252571175505
categorical__original_language_te,0.1537039781641698,0.1537039781641698
categorical__original_language_hi,0.15250591573214609,0.15250591573214609
numeric__genre_horror,0.13953138627913023,0.13953138627913023
categorical__original_language_ko,0.1162110975808396,0.1162110975808396
categorical__main_country_Greece,-0.10807540535540425,0.10807540535540425
categorical__main_country_Spain,0.10729196754312334,0.10729196754312334
categorical__main_country_Germany,0.10421224246585045,0.10421224246585045
numeric__genre_family,0.09877557118640429,0.09877557118640429
categorical__main_country_France,-0.08110264035831832,0.08110264035831832
numeric__genre_western,-0.080397627636898,0.080397627636898
categorical__original_language_sv,0.07310892127353359,0.07310892127353359
numeric__genre_science_fiction,-0.07027409260657547,0.07027409260657547
numeric__genre_documentary,0.060239580151101785,0.060239580151101785
numeric__genre_thriller,-0.05414323754595147,0.05414323754595147
numeric__genre_history,-0.04462904059178627,0.04462904059178627
categorical__original_language_ru,-0.0426667815741788,0.0426667815741788
numeric__genre_animation,0.03849890830147256,0.03849890830147256
numeric__genre_fantasy,-0.03783419025945516,0.03783419025945516
numeric__genre_war,-0.032878867441431744,0.032878867441431744
categorical__main_country_Australia,-0.026045598075340178,0.026045598075340178
numeric__genre_comedy,0.018710808333706145,0.018710808333706145
numeric__genre_romance,0.018548749221721682,0.018548749221721682
numeric__genre_music,-0.017761525198769213,0.017761525198769213
categorical__main_country_New Zealand,0.007929403734548594,0.007929403734548594
numeric__genre_mystery,-0.005411483454984496,0.005411483454984496
numeric__genre_adventure,0.005206915147479715,0.005206915147479715
numeric__genre_crime,-0.005162207652701728,0.005162207652701728
numeric__release_month,0.0033894039017234212,0.0033894039017234212
categorical__original_language_vi,0.0,0.0
categorical__original_language_ta,0.0,0.0
categorical__original_language_mr,-0.0,0.0
categorical__original_language_ur,0.0,0.0
categorical__original_language_tr,0.0,0.0
categorical__original_language_pt,-0.0,0.0
categorical__original_language_ml,0.0,0.0
categorical__original_language_es,0.0,0.0
categorical__original_language_el,0.0,0.0
categorical__original_language_fi,-0.0,0.0
categorical__original_language_he,0.0,0.0
categorical__original_language_hu,0.0,0.0
categorical__original_language_id,-0.0,0.0
categorical__original_language_ja,-0.0,0.0
categorical__original_language_bm,-0.0,0.0
categorical__original_language_cn,0.0,0.0
categorical__original_language_da,-0.0,0.0
categorical__original_language_fa,0.0,0.0
numeric__genre_action,0.0,0.0
categorical__original_language_no,0.0,0.0
categorical__original_language_pl,0.0,0.0
categorical__main_country_Austria,0.0,0.0
categorical__main_country_Czech Republic,-0.0,0.0
categorical__main_country_Chile,-0.0,0.0
categorical__main_country_Burkina Faso,0.0,0.0
categorical__main_country_Cambodia,0.0,0.0
categorical__main_country_Bulgaria,-0.0,0.0
categorical__main_country_Algeria,0.0,0.0
categorical__original_language_xx,0.0,0.0
categorical__main_country_Argentina,0.0,0.0
categorical__main_country_Israel,0.0,0.0
categorical__main_country_Iceland,0.0,0.0
categorical__main_country_Indonesia,0.0,0.0
categorical__main_country_Iran,0.0,0.0
categorical__main_country_Finland,0.0,0.0
categorical__main_country_Ecuador,-0.0,0.0
categorical__main_country_Hungary,0.0,0.0
categorical__original_language_zh,0.0,0.0
categorical__main_country_Bahamas,0.0,0.0
categorical__main_country_Norway,-0.0,0.0
categorical__main_country_Luxembourg,-0.0,0.0
categorical__main_country_Malaysia,0.0,0.0
categorical__main_country_Malta,0.0,0.0
categorical__main_country_Mali,-0.0,0.0
categorical__main_country_Namibia,-0.0,0.0
categorical__main_country_Netherlands,0.0,0.0
categorical__main_country_Russia,0.0,0.0
categorical__main_country_Romania,-0.0,0.0
categorical__main_country_Qatar,-0.0,0.0
categorical__main_country_Poland,0.0,0.0
categorical__main_country_Philippines,-0.0,0.0
categorical__main_country_Peru,0.0,0.0
categorical__main_country_Pakistan,0.0,0.0
categorical__main_country_South Korea,0.0,0.0
categorical__main_country_Taiwan,-0.0,0.0
categorical__main_country_Sweden,0.0,0.0
categorical__main_country_Singapore,0.0,0.0
categorical__main_country_Thailand,0.0,0.0
categorical__main_country_United Arab Emirates,0.0,0.0
categorical__main_country_Ukraine,0.0,0.0
categorical__main_country_Turkey,0.0,0.0
categorical__main_country_Uruguay,-0.0,0.0
