actual_revenue,predicted_revenue
94061310.9999999,154067836.9483277
433677182.9999997,215663557.16469276
794191988.0000029,1187822055.380098
783112978.9999992,85929814.48287983
863416141.0000015,824293898.7205167
1153304494.9999962,1637680383.236296
677718394.9999996,357442150.4489407
543934787.0,652234838.7324278
615816.0000000007,4122278.2445039074
6212282.000000001,13846949.328538535
179246868.00000018,197101294.45646212
809342332.0000011,845064436.8196051
875457937.0000014,151033087.37959656
14708695.999999987,39228628.58566285
745600054.000001,438157109.5714309
389681935.00000054,427729939.62829757
343471816.0000004,567067716.4688604
873260194.0000031,1872374227.2154477
966550600.0000012,408567398.2981494
69411370.0,29129373.846408486
3621046.000000001,11423318.678078024
40423945.00000004,3455828.1562297423
443961.99999999977,4378597.674047486
3220371.0000000014,8978080.472658109
1978592.0000000012,9224491.302056352
820580447.0000004,468390236.8912055
20497844.000000007,11662007.349333055
23737522.99999997,97863762.29823677
63647655.9999999,19629358.905837633
109906372.00000012,42021781.04697016
55969000.00000009,64497303.8727315
112343513.00000004,54996919.40022447
21164799.0,23342115.89780724
29252977.999999948,19668585.935563438
521170824.99999964,448837200.55888635
16374327.999999998,53901446.06802814
1397284.0000000016,10845349.927273557
40055438.99999996,16332338.908658931
9200000.000000004,8571870.197124679
17062498.99999997,31537284.403777372
124827315.99999993,50807430.64984458
46152411.0,12754872.233728956
31999999.999999955,5609078.391083786
64188367.00000002,16373197.18514042
46069567.999999955,25318498.29876038
94073027.99999984,14989391.675649526
52099090.0,67524281.94072935
15861566.000000019,9569651.936578574
207945075.00000057,19327433.59635722
12639297.000000017,24531366.163855556
150680864.00000024,235437139.54626647
2978994.0000000014,15699554.02239577
24804129.00000001,3385435.057836127
108286421.00000016,9261804.191525921
205754447.0000007,45995718.38079624
1023784194.9999986,650777356.8032866
23083334.000000037,41418086.351397835
6490401.000000014,19077789.038591184
25182928.99999998,23634263.764234435
553810227.9999998,48242554.38596276
1333123.9999999995,5111847.677948435
34694.000000000015,10621409.813682776
73883359.00000018,16116811.817634843
48902952.99999997,25417991.50121939
88923250.99999982,14362150.728466317
2100000.0000000047,662737.5517037301
1646787.9999999993,12975382.101633258
20566326.99999999,17457105.8410894
200241.99999999988,880859.2652654878
14016568.0,3008058.4250226463
3400278.000000009,15528236.715195272
13624521.999999985,2301553.3353004833
2152737.9999999963,4118954.004244529
164602163.0000003,171980349.66398793
108758521.00000013,38954053.29703876
1600000.000000004,669602.0427510946
282381.9999999998,966756.0053125747
29251596.000000022,24953236.618945032
93282603.99999987,27350489.65082517
57814445.0000001,33236390.01360411
55030050.99999998,27898380.84564932
18730890.99999998,10373049.496496009
1028570889.0000004,1105215777.3375947
78636257.00000016,31908697.284947407
14397592.999999987,14657686.162806308
25035950.000000007,40554566.865187496
349779542.99999976,110846169.22156197
100659.00000000007,5390670.906123774
48418160.000000015,37078316.26187021
37279438.99999995,33121476.03850182
8821329.000000006,17504047.711084772
21256.000000000007,11103971.524888948
62788217.99999998,62043128.22659441
4212494.000000001,38403581.91986655
27305571.000000045,11150458.435751507
119100758.0,16768281.99318287
1983204.000000005,11520212.060445774
299370083.9999998,582762863.2285018
183345588.99999985,413394734.72006494
140705321.99999994,9725229.518300207
5879735.999999998,6679334.3811523765
1390171.9999999988,2838268.269936956
4267218.0000000065,3516053.738829681
334901337.0000002,82363141.59306195
43763246.999999985,25718977.586918883
4210453.999999999,3024193.6568071693
50.0,6371.327970187876
343616.99999999994,1997836.314483411
245623847.99999958,252479679.3089442
10898292.999999993,7334467.449523375
320170007.9999997,52149290.48307847
229147508.9999996,346142551.2585375
216972542.99999964,70004981.68790948
14899999.999999996,11295147.905086428
4817642.000000001,8469069.18911467
415484914.0000009,235469134.16159627
1013926.0000000003,1768992.3826877577
356743060.9999994,272617531.9468258
118587880.00000006,11551628.821195194
77068245.99999988,39613815.53893939
408579037.999999,308875708.6797486
148868835.00000006,7685181.97502556
143695338.00000042,110515712.24955194
4499.999999999999,5340115.853406353
85241496.0,21010892.882108208
238470033.00000113,42341548.32036409
101999999.99999961,26217012.51914712
15436807.999999994,22245723.124263152
86234522.99999987,27610479.075606044
12118661.000000006,6441628.986163409
3774999.9999999986,3121582.8992247633
183936073.99999973,24482670.816793747
37589295.99999999,5021163.2558471
157100844.99999934,14870252.106830653
44235022.99999999,5928272.775309214
13000000.000000013,706888.468805701
3342696.999999998,4805395.953846841
18803647.99999999,8766905.144358099
4599999.999999998,5882226.8175062835
2341534.0000000033,2324457.5887082936
2129767.999999999,18586632.52158646
2400000.000000001,11865634.829459284
125729635.00000012,28387860.60346987
162360635.99999988,109336903.13177381
58499999.99999997,36227898.15498473
65046686.99999996,4612096.689935924
84552250.0000001,7754795.937981327
5900000.000000006,2078848.3402758713
29200000.000000022,28126588.650791455
5500000.000000001,1003788.4660078814
69929545.00000007,134034851.27395283
211952419.99999988,35163454.713044755
25956112.999999966,16438101.84874576
8810590.999999993,10560938.41032316
10367161.00000001,16520800.250930525
121790372.99999985,224222778.19599304
296485718.9999996,56651649.95533287
173185859.00000027,39721447.60430408
19985196.0,14482960.31353435
155160045.0,44984625.32065561
23507567.0,6159059.119379236
74000000.00000022,23156435.52399044
16180000.0,26425473.43816173
1864266.0000000012,3396734.911692575
76999999.99999994,23570021.454414506
285930.0,1121744.7999337902
175302353.99999934,23830944.140271377
30930983.999999963,28190486.47998881
45172994.00000005,4124945.0498417034
1016984.999999998,4293981.271298072
8996802.000000015,10027826.966143876
779820.0000000006,3422484.448177507
47748.00000000004,3532994.8957156525
46652767.99999999,26836519.079348896
203388185.99999967,32903744.44935478
182379278.0000002,145045393.00619528
102205174.99999952,78078350.98419277
292278.9999999998,2691354.037869007
499.9999999999999,3500.0671371729127
6101904.000000005,10217746.753058067
445435700.0000015,33632911.322801314
119520022.99999984,84128487.26545377
220021258.9999999,81178329.49045731
29918744.999999996,53008733.99639428
81705746.0000003,15727418.594170066
346864461.99999964,370319715.77384734
6272403.000000006,8613188.548622673
4073489.0,7202866.077248811
162146076.0000007,81982991.29877475
75026965.00000007,11902813.608218184
140302753.9999998,8426861.092202699
17782177.999999974,19015786.26328838
42487325.000000015,16718935.106177067
2387126.999999999,6230112.705249436
87416021.00000013,30569662.38261375
7899999.999999991,2791121.042416625
13819139.0,9945202.452257002
13082070.999999987,3374803.3584476863
230069.00000000017,3431359.181474605
643034465.9999989,624333671.1883594
13960394.000000011,5509777.800859449
114501298.99999991,60719569.52296851
14793385.000000024,26060033.7618076
1056057273.0000018,777300406.7841223
22678555.00000003,178791489.0867265
276921997.9999996,19236658.44753994
81093313.00000001,51805342.20838708
3500605.0000000084,8872606.48820695
3885341.9999999967,30351023.914198723
2300000.0,1854919.6271322318
2499999.9999999953,1385351.2191302434
303144151.99999994,138330172.91021448
230698790.99999925,27857361.89013056
64414761.00000001,30574487.668687765
6174491.000000006,6828282.075456902
5816211.000000005,8045660.089447239
331957104.9999986,211980683.63357854
23964782.00000004,19600703.335246153
118034273.00000009,53627003.68518604
632443719.0000001,127341294.56152947
3376374.999999998,10360430.519312358
240697856.00000018,146987178.3446256
194647322.99999982,22531722.45735712
310000000.00000125,23836307.895053454
4811524.999999999,18714378.104191516
50548152.000000045,75117946.67291255
7227037.999999994,18624337.42649866
2351358.999999999,25980687.061320476
64493914.9999999,214307109.20915133
32540673.99999997,28451379.0817858
26559556.99999999,64889526.78094953
82702.99999999999,10020049.207315354
346147658.0000002,134169884.83650108
26667197.000000026,12533171.74617385
311950383.9999993,59399167.439896025
30658387.000000015,13059559.440928109
254212245.00000018,139090460.01427552
2000000.0000000016,2111567.5791390045
9099999.999999985,7284086.442879792
83080889.99999987,45725570.63496438
4099999.9999999907,1230083.455813983
171539887.0000009,52478968.35994086
252434250.00000006,9680788.378606983
616801808.000001,129887919.66463494
566652811.9999996,581228549.8904546
41412708.99999997,15972745.005159507
10025571.000000013,4068331.993351898
146175065.99999976,387118167.1109241
6341855.000000005,8779072.04047005
1262886337.0000021,627698953.2179492
498814907.9999996,392124164.5882299
312242625.9999997,41296207.98266359
15584254.999999989,179558.94410802663
169801920.99999973,96425385.69146907
378827494.00000024,61571969.65821393
1440000.0000000028,2947985.01288206
443683.99999999977,11352290.9663309
12173470.000000002,27091553.907877687
240977.99999999988,22516491.55021266
1305195.0000000014,2484188.7084831814
57330873.00000007,20308809.152173214
100541806.00000015,84445746.60315783
8574338.999999985,28989047.044858556
142337240.0000003,170820064.41808188
232380243.00000086,144822806.83313677
3565108.999999998,6287489.074647563
26800152.00000005,29380324.21136022
3305591.9999999995,4299684.254977383
84618540.99999997,19727240.413896784
557241.0000000008,5662235.153317157
197183546.00000036,117981441.1413605
13162474.999999994,11865297.714625657
37461045.00000005,6420689.769984942
15000000.00000001,20630473.14870822
3451.0,7293923.727945543
40120144.00000005,33160816.178479355
9868941.99999999,6797067.872205437
177856750.9999997,114912660.05696851
17768011.999999993,8968998.670678012
60845710.999999985,46362791.465759344
407778012.99999803,237873948.73313874
1238764765.0000057,1527268776.875983
110824373.00000054,67701200.0734403
350170057.0000002,905309283.6144186
4219536.000000007,7981212.528702146
3600000.0000000014,4190527.72830387
2403885.0,1205300.1075880446
4781453.999999997,1095091.74091398
229999999.99999914,37476963.88189751
25442939.00000001,4532939.575423924
224511318.99999973,41316643.27057429
45056771.000000075,17049522.10354306
1492523.0000000007,1536842.3131250166
1020063384.0000007,189889382.4462657
9420545.999999994,94813862.99077792
6699999.999999995,4699330.872788641
369907963.0000013,122817249.33967382
24527157.999999974,13104209.58629639
90024292.00000037,485008561.2842931
90007945.00000034,24764934.776516028
519876948.99999815,50176909.0036274
56100000.0,10037717.73318247
604942142.9999994,1640380184.2764258
71000000.00000009,22422643.19288562
66913939.00000006,89995624.51014338
184770205.00000006,11930844.31046201
